Run #1,Run #1,Run #1,Run #1,Run #1,Run #1,Run #1,Run #1,Run #2,Run #2,Run #2,Run #2,Run #2,Run #2,Run #2,Run #2,Run #3,Run #3,Run #3,Run #3,Run #3,Run #3,Run #3,Run #3
Time (s),Current (A),Voltage (V),Electron Current (x10^-10 A),Peak Voltage (V),Diff between Peaks (V),Trough Voltage (V),Diff between Troughs (V),Time (s),Current (A),Voltage (V),Electron Current (x10^-10 A),Peak Voltage (V),Diff between Peaks (V),Trough Voltage (V),Diff between Troughs (V),Time (s),Current (A),Voltage (V),Electron Current (x10^-10 A),Peak Voltage (V),Diff between Peaks (V),Trough Voltage (V),Diff between Troughs (V)
-2.79E-14,2.79E-14,0.7,-2.79E-04,24.1,9.7,26.9,11.9,-4.68E-14,4.68E-14,1.2,-4.68E-04,23.9,9.9,27,12.4,1,9.00E-14,0.4,-9.00E-04,22.9,10.8,26.3,11.9
-3.14E-14,3.14E-14,1,-3.14E-04,33.8,11.2,38.8,11.5,-4.84E-14,4.84E-14,1.3,-4.84E-04,33.8,11.4,39.4,11.4,1.2,9.57E-14,0.4,-9.57E-04,33.7,11.8,38.2,11.4
-2.99E-14,2.99E-14,1.2,-2.99E-04,45,11.5,50.3,12.2,-4.38E-14,4.38E-14,1.6,-4.38E-04,45.2,11.6,50.8,11.7,1.3,9.43E-14,0.4,-9.43E-04,45.5,10.6,49.6,11.8
-2.47E-14,2.47E-14,1.5,-2.47E-04,56.5,11.8,62.5,11.4,-4.82E-14,4.82E-14,2,-4.82E-04,56.8,11.6,62.5,11.8,1.5,9.19E-14,0.5,-9.19E-04,56.1,11.2,61.4,11.9
-2.02E-14,2.02E-14,2,-2.02E-04,68.3,11.8,73.9,,-4.45E-14,4.45E-14,2.6,-4.45E-04,68.4,,74.3,,1.7,9.42E-14,0.5,-9.42E-04,67.3,12.2,73.3,
-2.35E-14,2.35E-14,2.1,-2.35E-04,80.1,,,,-4.44E-14,4.44E-14,2.9,-4.44E-04,,,,,1.9,9.16E-14,0.5,-9.16E-04,79.5,,,
-2.42E-14,2.42E-14,3,-2.42E-04,,,,,-4.82E-14,4.82E-14,3.4,-4.82E-04,,,,,2.1,9.57E-14,0.6,-9.57E-04,,,,
-2.20E-14,2.20E-14,3.6,-2.19E-04,,,,,-4.40E-14,4.40E-14,4.4,-4.40E-04,,,,,2.2,9.82E-14,0.6,-9.82E-04,,,,
-1.94E-14,1.94E-14,4,-1.94E-04,,,,,-4.74E-14,4.74E-14,5,-4.74E-04,,,,,2.4,8.95E-14,0.6,-8.95E-04,,,,
-1.79E-14,1.79E-14,4.2,-1.79E-04,,,,,-4.36E-14,4.36E-14,5.4,-4.36E-04,,,,,2.7,9.02E-14,0.7,-9.01E-04,,,,
-2.05E-14,2.05E-14,4.6,-2.05E-04,,,,,-4.49E-14,4.49E-14,5.5,-4.49E-04,,,,,2.9,8.67E-14,0.8,-8.67E-04,,,,
-2.35E-14,2.35E-14,5.2,-2.35E-04,,,,,-3.67E-14,3.67E-14,5.7,-3.67E-04,,,,,3.1,9.51E-14,0.8,-9.51E-04,,,,
-2.91E-14,2.91E-14,6.2,-2.91E-04,,,,,-4.18E-14,4.18E-14,6.2,-4.18E-04,,,,,3.3,9.06E-14,0.9,-9.06E-04,,,,
-2.86E-14,2.86E-14,6.8,-2.86E-04,,,,,-3.63E-14,3.63E-14,6.4,-3.63E-04,,,,,3.5,8.62E-14,0.9,-8.62E-04,,,,
-3.13E-14,3.13E-14,7.3,-3.13E-04,,,,,-4.26E-14,4.26E-14,6.7,-4.26E-04,,,,,3.7,8.87E-14,1,-8.87E-04,,,,
-2.95E-14,2.95E-14,7.8,-2.95E-04,,,,,-4.53E-14,4.53E-14,6.8,-4.53E-04,,,,,3.9,9.10E-14,1,-9.10E-04,,,,
-2.49E-14,2.49E-14,8.3,-2.49E-04,,,,,-4.40E-14,4.40E-14,7,-4.40E-04,,,,,4.1,8.97E-14,1.1,-8.97E-04,,,,
-3.23E-14,3.23E-14,8.6,-3.23E-04,,,,,-4.65E-14,4.65E-14,7.5,-4.65E-04,,,,,4.3,8.84E-14,1.1,-8.84E-04,,,,
-3.23E-14,3.23E-14,8.6,-3.23E-04,,,,,-4.89E-14,4.89E-14,7.7,-4.89E-04,,,,,4.5,9.49E-14,1.1,-9.49E-04,,,,
-2.92E-14,2.92E-14,9.3,-2.92E-04,,,,,-4.77E-14,4.77E-14,7.8,-4.77E-04,,,,,4.7,7.73E-14,1.3,-7.73E-04,,,,
-2.10E-14,2.10E-14,9.5,-2.10E-04,,,,,-4.77E-14,4.77E-14,7.8,-4.77E-04,,,,,4.9,8.67E-14,1.4,-8.67E-04,,,,
-2.44E-14,2.44E-14,9.6,-2.44E-04,,,,,-4.32E-14,4.32E-14,8.2,-4.32E-04,,,,,5.1,8.52E-14,1.4,-8.52E-04,,,,
-2.62E-14,2.62E-14,9.9,-2.62E-04,,,,,-4.73E-14,4.73E-14,8.4,-4.73E-04,,,,,5.3,8.84E-14,1.5,-8.84E-04,,,,
-2.06E-14,2.06E-14,10.8,-2.06E-04,,,,,-4.87E-14,4.87E-14,8.9,-4.87E-04,,,,,5.6,9.24E-14,1.5,-9.24E-04,,,,
-2.11E-14,2.11E-14,11.4,-2.11E-04,,,,,-4.94E-14,4.94E-14,9.1,-4.94E-04,,,,,5.8,9.76E-14,1.6,-9.76E-04,,,,
-1.51E-14,1.51E-14,12.2,-1.51E-04,,,,,-4.56E-14,4.56E-14,9.2,-4.56E-04,,,,,6,9.61E-14,1.8,-9.61E-04,,,,
2.54E-15,-2.54E-15,12.5,2.54E-05,,,,,-4.65E-14,4.65E-14,9.4,-4.65E-04,,,,,6.3,8.99E-14,2,-8.99E-04,,,,
1.28E-14,-1.28E-14,12.8,1.28E-04,,,,,-4.59E-14,4.59E-14,9.5,-4.59E-04,,,,,6.5,9.00E-14,2.1,-9.00E-04,,,,
1.84E-14,-1.84E-14,13.1,1.84E-04,,,,,-4.59E-14,4.59E-14,9.5,-4.59E-04,,,,,6.8,8.47E-14,2.1,-8.47E-04,,,,
6.53E-14,-6.53E-14,13.5,6.53E-04,,,,,-4.57E-14,4.57E-14,9.7,-4.57E-04,,,,,7.1,8.82E-14,2.2,-8.82E-04,,,,
8.88E-14,-8.88E-14,13.9,8.88E-04,,,,,-4.29E-14,4.29E-14,10.1,-4.29E-04,,,,,7.3,8.54E-14,2.3,-8.54E-04,,,,
1.20E-13,-1.20E-13,14.4,0,,,,,-4.29E-14,4.29E-14,10.2,-4.29E-04,,,,,7.6,8.55E-14,2.4,-8.55E-04,,,,
2.36E-13,-2.36E-13,15,0,,,,,-4.54E-14,4.54E-14,10.5,-4.54E-04,,,,,8,7.16E-14,2.5,-7.16E-04,,,,
2.99E-13,-2.99E-13,15.1,0,,,,,-4.57E-14,4.57E-14,10.5,-4.57E-04,,,,,8.3,6.29E-14,2.6,-6.29E-04,,,,
3.58E-13,-3.58E-13,15.3,0,,,,,-4.25E-14,4.25E-14,10.9,-4.25E-04,,,,,8.6,6.37E-14,2.8,-6.37E-04,,,,
4.77E-13,-4.77E-13,15.9,0,,,,,-4.49E-14,4.49E-14,11.1,-4.49E-04,,,,,8.9,6.24E-14,2.9,-6.24E-04,,,,
5.80E-13,-5.80E-13,16.6,0.01,,,,,-4.48E-14,4.48E-14,11.7,-4.48E-04,,,,,9.1,6.46E-14,2.9,-6.46E-04,,,,
6.46E-13,-6.46E-13,17,0.01,,,,,-4.79E-14,4.79E-14,11.9,-4.79E-04,,,,,9.5,6.82E-14,3.1,-6.82E-04,,,,
7.83E-13,-7.83E-13,17.6,0.01,,,,,-4.49E-14,4.49E-14,12.2,-4.49E-04,,,,,9.8,6.75E-14,3.2,-6.75E-04,,,,
1.06E-12,-1.06E-12,19,0.01,,,,,-4.80E-14,4.80E-14,12.5,-4.80E-04,,,,,10.1,6.45E-14,3.4,-6.45E-04,,,,
1.13E-12,-1.13E-12,19.2,0.01,,,,,-4.40E-14,4.40E-14,12.8,-4.39E-04,,,,,10.4,5.80E-14,3.5,-5.80E-04,,,,
1.26E-12,-1.26E-12,20,0.01,,,,,-4.04E-14,4.04E-14,13,-4.04E-04,,,,,10.7,6.07E-14,3.6,-6.07E-04,,,,
1.32E-12,-1.32E-12,20.4,0.01,,,,,-3.96E-14,3.96E-14,13.2,-3.96E-04,,,,,10.9,5.64E-14,3.7,-5.64E-04,,,,
1.44E-12,-1.44E-12,20.8,0.01,,,,,-3.57E-14,3.57E-14,13.4,-3.57E-04,,,,,11.1,5.36E-14,3.9,-5.36E-04,,,,
1.50E-12,-1.50E-12,21.3,0.02,,,,,-3.53E-14,3.53E-14,13.6,-3.53E-04,,,,,11.5,5.84E-14,4,-5.84E-04,,,,
1.60E-12,-1.60E-12,22,0.02,,,,,-2.59E-14,2.59E-14,13.7,-2.59E-04,,,,,11.7,5.12E-14,4.1,-5.12E-04,,,,
1.64E-12,-1.64E-12,22.1,0.02,,,,,-2.74E-14,2.74E-14,13.9,-2.74E-04,,,,,12,4.80E-14,4.3,-4.80E-04,,,,
1.69E-12,-1.69E-12,23,0.02,,,,,-2.83E-14,2.83E-14,14.1,-2.82E-04,,,,,12.3,4.00E-14,4.5,-4.00E-04,,,,
1.71E-12,-1.71E-12,23.4,0.02,,,,,-1.87E-14,1.87E-14,14.7,-1.87E-04,,,,,12.5,4.36E-14,4.6,-4.36E-04,,,,
1.74E-12,-1.74E-12,23.7,0.02,,,,,4.10E-15,-4.10E-15,15,4.10E-05,,,,,12.8,4.74E-14,4.7,-4.74E-04,,,,
1.74E-12,-1.74E-12,24.1,0.02,,,,,2.37E-14,-2.37E-14,15.3,2.36E-04,,,,,13.2,5.08E-14,4.8,-5.08E-04,,,,
1.73E-12,-1.73E-12,24.9,0.02,,,,,4.14E-14,-4.14E-14,15.5,4.14E-04,,,,,13.4,5.73E-14,4.9,-5.73E-04,,,,
1.70E-12,-1.70E-12,25.8,0.02,,,,,7.48E-14,-7.48E-14,15.8,7.48E-04,,,,,13.6,4.98E-14,5.1,-4.98E-04,,,,
1.69E-12,-1.69E-12,26.2,0.02,,,,,9.51E-14,-9.51E-14,16,9.51E-04,,,,,14,5.79E-14,5.3,-5.79E-04,,,,
1.68E-12,-1.68E-12,26.6,0.02,,,,,1.27E-13,-1.27E-13,16.3,0,,,,,14.2,5.38E-14,5.4,-5.38E-04,,,,
1.67E-12,-1.67E-12,26.9,0.02,,,,,1.49E-13,-1.49E-13,16.4,0,,,,,14.5,5.68E-14,5.5,-5.68E-04,,,,
1.69E-12,-1.69E-12,27.7,0.02,,,,,1.91E-13,-1.91E-13,17.1,0,,,,,14.8,5.70E-14,5.6,-5.69E-04,,,,
1.75E-12,-1.75E-12,28.2,0.02,,,,,2.17E-13,-2.17E-13,17.4,0,,,,,15.1,6.31E-14,5.7,-6.31E-04,,,,
1.79E-12,-1.79E-12,28.6,0.02,,,,,2.49E-13,-2.49E-13,17.5,0,,,,,15.5,6.05E-14,5.8,-6.04E-04,,,,
1.90E-12,-1.90E-12,29.2,0.02,,,,,2.84E-13,-2.84E-13,17.6,0,,,,,15.8,6.52E-14,6.1,-6.52E-04,,,,
1.96E-12,-1.96E-12,29.3,0.02,,,,,3.37E-13,-3.37E-13,17.9,0,,,,,16.1,6.40E-14,6.4,-6.40E-04,,,,
2.08E-12,-2.08E-12,29.9,0.02,,,,,3.62E-13,-3.62E-13,18.2,0,,,,,16.4,7.04E-14,6.5,-7.04E-04,,,,
2.13E-12,-2.13E-12,30.2,0.02,,,,,3.87E-13,-3.87E-13,18.3,0,,,,,16.7,6.82E-14,6.6,-6.82E-04,,,,
2.25E-12,-2.25E-12,30.9,0.02,,,,,4.44E-13,-4.44E-13,18.9,0,,,,,16.9,6.65E-14,6.7,-6.65E-04,,,,
2.31E-12,-2.31E-12,31.3,0.02,,,,,4.76E-13,-4.76E-13,19.1,0,,,,,17.3,6.45E-14,7,-6.45E-04,,,,
2.44E-12,-2.44E-12,31.8,0.02,,,,,5.51E-13,-5.51E-13,19.4,0.01,,,,,17.5,7.06E-14,7.1,-7.06E-04,,,,
2.54E-12,-2.54E-12,32.7,0.03,,,,,6.11E-13,-6.11E-13,19.7,0.01,,,,,17.8,7.04E-14,7.3,-7.04E-04,,,,
2.58E-12,-2.58E-12,33.1,0.03,,,,,6.41E-13,-6.41E-13,19.8,0.01,,,,,18.1,6.55E-14,7.4,-6.55E-04,,,,
2.61E-12,-2.61E-12,33.8,0.03,,,,,6.85E-13,-6.85E-13,20,0.01,,,,,18.3,6.69E-14,7.4,-6.68E-04,,,,
2.61E-12,-2.61E-12,34.5,0.03,,,,,7.04E-13,-7.04E-13,20.1,0.01,,,,,18.6,6.98E-14,7.6,-6.98E-04,,,,
2.53E-12,-2.53E-12,35,0.03,,,,,7.19E-13,-7.19E-13,20.2,0.01,,,,,18.9,6.91E-14,7.8,-6.91E-04,,,,
2.35E-12,-2.35E-12,35.8,0.02,,,,,7.36E-13,-7.36E-13,20.3,0.01,,,,,19.1,7.81E-14,8,-7.81E-04,,,,
2.28E-12,-2.28E-12,36,0.02,,,,,7.65E-13,-7.65E-13,20.4,0.01,,,,,19.4,6.97E-14,8.2,-6.97E-04,,,,
2.13E-12,-2.13E-12,36.6,0.02,,,,,7.84E-13,-7.84E-13,20.5,0.01,,,,,19.6,6.59E-14,8.4,-6.59E-04,,,,
2.05E-12,-2.05E-12,37,0.02,,,,,7.93E-13,-7.93E-13,20.6,0.01,,,,,19.9,7.33E-14,8.5,-7.33E-04,,,,
1.90E-12,-1.90E-12,37.4,0.02,,,,,7.93E-13,-7.93E-13,20.6,0.01,,,,,20.2,7.08E-14,8.6,-7.08E-04,,,,
1.82E-12,-1.82E-12,37.6,0.02,,,,,8.20E-13,-8.20E-13,20.8,0.01,,,,,20.5,7.21E-14,8.8,-7.21E-04,,,,
1.77E-12,-1.77E-12,38,0.02,,,,,8.29E-13,-8.29E-13,20.9,0.01,,,,,20.8,7.38E-14,9.1,-7.38E-04,,,,
1.73E-12,-1.73E-12,38.4,0.02,,,,,8.40E-13,-8.40E-13,21.1,0.01,,,,,21.1,6.89E-14,9.3,-6.89E-04,,,,
1.70E-12,-1.70E-12,38.8,0.02,,,,,8.56E-13,-8.56E-13,21.3,0.01,,,,,21.3,7.04E-14,9.5,-7.04E-04,,,,
1.74E-12,-1.74E-12,39.7,0.02,,,,,8.91E-13,-8.91E-13,21.6,0.01,,,,,21.6,7.46E-14,9.7,-7.46E-04,,,,
1.90E-12,-1.90E-12,40.3,0.02,,,,,9.04E-13,-9.04E-13,21.7,0.01,,,,,21.8,7.67E-14,9.8,-7.67E-04,,,,
2.00E-12,-2.00E-12,40.5,0.02,,,,,9.37E-13,-9.37E-13,21.8,0.01,,,,,22.1,7.76E-14,9.9,-7.76E-04,,,,
2.24E-12,-2.24E-12,41.6,0.02,,,,,9.37E-13,-9.37E-13,21.8,0.01,,,,,22.4,7.33E-14,10,-7.33E-04,,,,
2.38E-12,-2.38E-12,41.9,0.02,,,,,9.49E-13,-9.49E-13,22.1,0.01,,,,,22.6,6.28E-14,10.1,-6.28E-04,,,,
2.93E-12,-2.93E-12,43.3,0.03,,,,,9.59E-13,-9.59E-13,22.1,0.01,,,,,22.9,5.12E-14,10.3,-5.12E-04,,,,
3.04E-12,-3.04E-12,43.5,0.03,,,,,9.82E-13,-9.82E-13,22.2,0.01,,,,,23.1,5.71E-14,10.4,-5.71E-04,,,,
3.04E-12,-3.04E-12,43.5,0.03,,,,,9.92E-13,-9.92E-13,22.2,0.01,,,,,23.4,5.97E-14,10.6,-5.97E-04,,,,
3.22E-12,-3.22E-12,44.7,0.03,,,,,9.98E-13,-9.98E-13,22.3,0.01,,,,,23.6,5.68E-14,10.7,-5.68E-04,,,,
3.24E-12,-3.24E-12,45,0.03,,,,,1.00E-12,-1.00E-12,22.4,0.01,,,,,23.9,6.68E-14,10.9,-6.68E-04,,,,
3.22E-12,-3.22E-12,45.2,0.03,,,,,1.01E-12,-1.01E-12,22.7,0.01,,,,,24.1,6.51E-14,11,-6.51E-04,,,,
3.15E-12,-3.15E-12,46.1,0.03,,,,,1.03E-12,-1.03E-12,23.1,0.01,,,,,24.3,4.77E-14,11.1,-4.77E-04,,,,
3.07E-12,-3.07E-12,46.6,0.03,,,,,1.03E-12,-1.03E-12,23.4,0.01,,,,,24.6,2.41E-14,11.2,-2.41E-04,,,,
2.83E-12,-2.83E-12,47,0.03,,,,,1.05E-12,-1.05E-12,23.5,0.01,,,,,24.8,2.75E-15,11.4,-2.75E-05,,,,
2.41E-12,-2.41E-12,48.1,0.02,,,,,1.06E-12,-1.06E-12,23.7,0.01,,,,,25.1,-4.92E-14,11.5,4.92E-04,,,,
2.24E-12,-2.24E-12,48.3,0.02,,,,,1.07E-12,-1.07E-12,23.7,0.01,,,,,25.3,-8.20E-14,11.6,8.20E-04,,,,
2.10E-12,-2.10E-12,48.8,0.02,,,,,1.07E-12,-1.07E-12,23.8,0.01,,,,,25.6,-1.80E-13,11.9,0,,,,
1.95E-12,-1.95E-12,49.4,0.02,,,,,1.08E-12,-1.08E-12,23.9,0.01,,,,,25.8,-2.62E-13,11.9,0,,,,
1.82E-12,-1.82E-12,49.7,0.02,,,,,1.08E-12,-1.08E-12,24.1,0.01,,,,,26.1,-3.60E-13,12.1,0,,,,
1.65E-12,-1.65E-12,50,0.02,,,,,1.08E-12,-1.08E-12,24.5,0.01,,,,,26.3,-4.67E-13,12.2,0,,,,
1.62E-12,-1.62E-12,50.3,0.02,,,,,1.08E-12,-1.08E-12,24.6,0.01,,,,,26.6,-6.71E-13,12.4,0.01,,,,
1.62E-12,-1.62E-12,50.3,0.02,,,,,1.08E-12,-1.08E-12,24.7,0.01,,,,,26.8,-8.16E-13,12.5,0.01,,,,
1.65E-12,-1.65E-12,50.9,0.02,,,,,1.07E-12,-1.07E-12,24.8,0.01,,,,,27.1,-1.10E-12,12.8,0.01,,,,
1.72E-12,-1.72E-12,51.1,0.02,,,,,1.07E-12,-1.07E-12,24.9,0.01,,,,,27.3,-1.37E-12,12.9,0.01,,,,
1.93E-12,-1.93E-12,52.2,0.02,,,,,1.06E-12,-1.06E-12,25.2,0.01,,,,,27.5,-1.63E-12,13,0.02,,,,
2.13E-12,-2.13E-12,52.6,0.02,,,,,1.06E-12,-1.06E-12,25.2,0.01,,,,,27.7,-1.86E-12,13.1,0.02,,,,
2.37E-12,-2.37E-12,52.7,0.02,,,,,1.06E-12,-1.06E-12,25.2,0.01,,,,,28,-2.23E-12,13.2,0.02,,,,
2.61E-12,-2.61E-12,52.8,0.03,,,,,1.05E-12,-1.05E-12,25.3,0.01,,,,,28.2,-2.46E-12,13.3,0.02,,,,
2.81E-12,-2.81E-12,53.2,0.03,,,,,1.05E-12,-1.05E-12,25.4,0.01,,,,,28.5,-2.78E-12,13.4,0.03,,,,
2.99E-12,-2.99E-12,53.6,0.03,,,,,1.05E-12,-1.05E-12,25.6,0.01,,,,,28.7,-3.01E-12,13.6,0.03,,,,
3.16E-12,-3.16E-12,53.8,0.03,,,,,1.04E-12,-1.04E-12,25.7,0.01,,,,,28.9,-3.26E-12,13.7,0.03,,,,
3.32E-12,-3.32E-12,54.1,0.03,,,,,1.04E-12,-1.04E-12,25.8,0.01,,,,,29.2,-3.68E-12,13.8,0.04,,,,
3.47E-12,-3.47E-12,54.6,0.03,,,,,1.03E-12,-1.03E-12,25.8,0.01,,,,,29.4,-3.98E-12,14,0.04,,,,
3.62E-12,-3.62E-12,55,0.04,,,,,1.03E-12,-1.03E-12,25.9,0.01,,,,,29.6,-4.32E-12,14.1,0.04,,,,
3.74E-12,-3.74E-12,55.2,0.04,,,,,1.02E-12,-1.02E-12,26.1,0.01,,,,,29.9,-4.91E-12,14.3,0.05,,,,
3.84E-12,-3.84E-12,55.4,0.04,,,,,1.02E-12,-1.02E-12,26.3,0.01,,,,,30,-5.11E-12,14.3,0.05,,,,
3.92E-12,-3.92E-12,55.7,0.04,,,,,1.01E-12,-1.01E-12,26.3,0.01,,,,,30.3,-5.70E-12,14.6,0.06,,,,
3.98E-12,-3.98E-12,56.5,0.04,,,,,1.01E-12,-1.01E-12,26.4,0.01,,,,,30.5,-6.17E-12,14.8,0.06,,,,
3.96E-12,-3.96E-12,56.9,0.04,,,,,1.01E-12,-1.01E-12,26.6,0.01,,,,,30.8,-6.91E-12,14.9,0.07,,,,
3.90E-12,-3.90E-12,57.4,0.04,,,,,1.00E-12,-1.00E-12,26.8,0.01,,,,,31,-7.28E-12,15.1,0.07,,,,
3.81E-12,-3.81E-12,57.8,0.04,,,,,1.00E-12,-1.00E-12,27,0.01,,,,,31.2,-7.66E-12,15.2,0.08,,,,
3.55E-12,-3.55E-12,58.2,0.04,,,,,1.00E-12,-1.00E-12,27.2,0.01,,,,,31.5,-8.22E-12,15.4,0.08,,,,
3.55E-12,-3.55E-12,58.2,0.04,,,,,1.01E-12,-1.01E-12,27.4,0.01,,,,,31.7,-8.59E-12,15.5,0.09,,,,
3.25E-12,-3.25E-12,59,0.03,,,,,1.01E-12,-1.01E-12,27.5,0.01,,,,,32.1,-9.45E-12,15.9,0.09,,,,
2.86E-12,-2.86E-12,59.6,0.03,,,,,1.02E-12,-1.02E-12,27.7,0.01,,,,,32.3,-1.00E-11,16.1,0.1,,,,
2.44E-12,-2.44E-12,60.5,0.02,,,,,1.02E-12,-1.02E-12,27.8,0.01,,,,,32.5,-1.06E-11,16.2,0.11,,,,
2.22E-12,-2.22E-12,60.7,0.02,,,,,1.04E-12,-1.04E-12,28.2,0.01,,,,,32.8,-1.12E-11,16.3,0.11,,,,
1.89E-12,-1.89E-12,61.7,0.02,,,,,1.05E-12,-1.05E-12,28.2,0.01,,,,,33,-1.14E-11,16.4,0.11,,,,
1.80E-12,-1.80E-12,62.2,0.02,,,,,1.06E-12,-1.06E-12,28.2,0.01,,,,,33.2,-1.17E-11,16.6,0.12,,,,
1.79E-12,-1.79E-12,62.5,0.02,,,,,1.08E-12,-1.08E-12,28.3,0.01,,,,,33.5,-1.22E-11,16.8,0.12,,,,
1.84E-12,-1.84E-12,62.7,0.02,,,,,1.09E-12,-1.09E-12,28.4,0.01,,,,,33.7,-1.26E-11,16.9,0.13,,,,
2.09E-12,-2.09E-12,63.7,0.02,,,,,1.11E-12,-1.11E-12,28.8,0.01,,,,,33.9,-1.29E-11,17,0.13,,,,
2.59E-12,-2.59E-12,64,0.03,,,,,1.11E-12,-1.11E-12,28.8,0.01,,,,,34.2,-1.34E-11,17.2,0.13,,,,
2.59E-12,-2.59E-12,64,0.03,,,,,1.15E-12,-1.15E-12,29.1,0.01,,,,,34.4,-1.37E-11,17.4,0.14,,,,
2.83E-12,-2.83E-12,64.3,0.03,,,,,1.18E-12,-1.18E-12,29.3,0.01,,,,,34.7,-1.43E-11,17.6,0.14,,,,
3.32E-12,-3.32E-12,65.3,0.03,,,,,1.18E-12,-1.18E-12,29.3,0.01,,,,,34.9,-1.46E-11,17.6,0.15,,,,
3.59E-12,-3.59E-12,65.6,0.04,,,,,1.22E-12,-1.22E-12,29.5,0.01,,,,,35.2,-1.49E-11,17.7,0.15,,,,
3.86E-12,-3.86E-12,66,0.04,,,,,1.25E-12,-1.25E-12,29.8,0.01,,,,,35.4,-1.50E-11,17.7,0.15,,,,
4.11E-12,-4.11E-12,66.5,0.04,,,,,1.28E-12,-1.28E-12,30,0.01,,,,,35.7,-1.52E-11,17.9,0.15,,,,
4.33E-12,-4.33E-12,66.8,0.04,,,,,1.36E-12,-1.36E-12,30,0.01,,,,,35.9,-1.53E-11,18,0.15,,,,
4.67E-12,-4.67E-12,67,0.05,,,,,1.38E-12,-1.38E-12,30.1,0.01,,,,,36.1,-1.55E-11,18,0.16,,,,
4.84E-12,-4.84E-12,68.3,0.05,,,,,1.40E-12,-1.40E-12,30.2,0.01,,,,,36.4,-1.58E-11,18.2,0.16,,,,
4.83E-12,-4.83E-12,68.7,0.05,,,,,1.45E-12,-1.45E-12,30.6,0.01,,,,,36.6,-1.60E-11,18.4,0.16,,,,
4.77E-12,-4.77E-12,69,0.05,,,,,1.47E-12,-1.47E-12,30.8,0.01,,,,,36.8,-1.63E-11,18.5,0.16,,,,
4.51E-12,-4.51E-12,69.9,0.05,,,,,1.50E-12,-1.50E-12,31,0.02,,,,,37,-1.66E-11,18.6,0.17,,,,
4.31E-12,-4.31E-12,70.3,0.04,,,,,1.55E-12,-1.55E-12,31,0.02,,,,,37.3,-1.70E-11,18.8,0.17,,,,
3.89E-12,-3.89E-12,70.6,0.04,,,,,1.61E-12,-1.61E-12,31.2,0.02,,,,,37.5,-1.73E-11,19,0.17,,,,
3.89E-12,-3.89E-12,70.6,0.04,,,,,1.66E-12,-1.66E-12,31.7,0.02,,,,,37.8,-1.77E-11,19.1,0.18,,,,
3.53E-12,-3.53E-12,71.2,0.04,,,,,1.66E-12,-1.66E-12,31.7,0.02,,,,,38,-1.80E-11,19.3,0.18,,,,
3.53E-12,-3.53E-12,71.2,0.04,,,,,1.73E-12,-1.73E-12,31.9,0.02,,,,,38.3,-1.84E-11,19.5,0.18,,,,
3.33E-12,-3.33E-12,71.4,0.03,,,,,1.76E-12,-1.76E-12,31.9,0.02,,,,,38.5,-1.86E-11,19.6,0.19,,,,
2.97E-12,-2.97E-12,72,0.03,,,,,1.81E-12,-1.81E-12,32.2,0.02,,,,,38.8,-1.89E-11,19.8,0.19,,,,
2.97E-12,-2.97E-12,72,0.03,,,,,1.83E-12,-1.83E-12,32.4,0.02,,,,,39,-1.91E-11,19.9,0.19,,,,
2.80E-12,-2.80E-12,72.3,0.03,,,,,1.84E-12,-1.84E-12,32.5,0.02,,,,,39.2,-1.93E-11,20.1,0.19,,,,
2.46E-12,-2.46E-12,72.6,0.02,,,,,1.87E-12,-1.87E-12,32.6,0.02,,,,,39.5,-1.97E-11,20.3,0.2,,,,
2.05E-12,-2.05E-12,73.4,0.02,,,,,1.91E-12,-1.91E-12,32.8,0.02,,,,,39.7,-1.99E-11,20.4,0.2,,,,
2.02E-12,-2.02E-12,73.5,0.02,,,,,1.92E-12,-1.92E-12,32.9,0.02,,,,,39.9,-2.01E-11,20.5,0.2,,,,
2.00E-12,-2.00E-12,73.7,0.02,,,,,1.94E-12,-1.94E-12,32.9,0.02,,,,,40.2,-2.03E-11,20.7,0.2,,,,
2.00E-12,-2.00E-12,73.9,0.02,,,,,1.95E-12,-1.95E-12,33,0.02,,,,,40.4,-2.05E-11,20.8,0.2,,,,
2.03E-12,-2.03E-12,74.2,0.02,,,,,1.97E-12,-1.97E-12,33.4,0.02,,,,,40.6,-2.06E-11,20.9,0.21,,,,
2.09E-12,-2.09E-12,74.3,0.02,,,,,1.97E-12,-1.97E-12,33.5,0.02,,,,,40.9,-2.08E-11,21.1,0.21,,,,
2.18E-12,-2.18E-12,74.4,0.02,,,,,2.00E-12,-2.00E-12,33.5,0.02,,,,,41,-2.08E-11,21.2,0.21,,,,
2.28E-12,-2.28E-12,74.6,0.02,,,,,2.00E-12,-2.00E-12,33.6,0.02,,,,,41.2,-2.10E-11,21.3,0.21,,,,
2.28E-12,-2.28E-12,74.6,0.02,,,,,2.00E-12,-2.00E-12,33.8,0.02,,,,,41.4,-2.11E-11,21.4,0.21,,,,
2.54E-12,-2.54E-12,75.2,0.03,,,,,2.00E-12,-2.00E-12,34.2,0.02,,,,,41.6,-2.12E-11,21.5,0.21,,,,
2.73E-12,-2.73E-12,75.3,0.03,,,,,2.00E-12,-2.00E-12,34.5,0.02,,,,,41.8,-2.13E-11,21.7,0.21,,,,
2.93E-12,-2.93E-12,75.6,0.03,,,,,1.99E-12,-1.99E-12,34.6,0.02,,,,,42,-2.14E-11,21.9,0.21,,,,
3.14E-12,-3.14E-12,75.9,0.03,,,,,1.98E-12,-1.98E-12,34.8,0.02,,,,,42.2,-2.15E-11,22.1,0.21,,,,
3.38E-12,-3.38E-12,76.2,0.03,,,,,1.96E-12,-1.96E-12,34.9,0.02,,,,,42.4,-2.16E-11,22.2,0.22,,,,
3.65E-12,-3.65E-12,76.3,0.04,,,,,1.93E-12,-1.93E-12,35.2,0.02,,,,,42.6,-2.17E-11,22.3,0.22,,,,
3.89E-12,-3.89E-12,76.3,0.04,,,,,1.92E-12,-1.92E-12,35.3,0.02,,,,,42.8,-2.17E-11,22.5,0.22,,,,
4.10E-12,-4.10E-12,76.3,0.04,,,,,1.89E-12,-1.89E-12,35.3,0.02,,,,,43,-2.18E-11,22.6,0.22,,,,
4.40E-12,-4.40E-12,76.5,0.04,,,,,1.89E-12,-1.89E-12,35.3,0.02,,,,,43.3,-2.18E-11,22.9,0.22,,,,
4.52E-12,-4.52E-12,76.6,0.05,,,,,1.87E-12,-1.87E-12,35.5,0.02,,,,,43.5,-2.18E-11,23,0.22,,,,
4.63E-12,-4.63E-12,76.7,0.05,,,,,1.85E-12,-1.85E-12,35.7,0.02,,,,,43.7,-2.18E-11,23.1,0.22,,,,
4.85E-12,-4.85E-12,76.9,0.05,,,,,1.82E-12,-1.82E-12,36,0.02,,,,,44,-2.17E-11,23.2,0.22,,,,
4.95E-12,-4.95E-12,77.2,0.05,,,,,1.79E-12,-1.79E-12,36.2,0.02,,,,,44.2,-2.17E-11,23.3,0.22,,,,
5.08E-12,-5.08E-12,77.4,0.05,,,,,1.72E-12,-1.72E-12,36.4,0.02,,,,,44.4,-2.16E-11,23.5,0.22,,,,
5.39E-12,-5.39E-12,77.9,0.05,,,,,1.69E-12,-1.69E-12,36.6,0.02,,,,,44.7,-2.15E-11,23.6,0.22,,,,
5.56E-12,-5.56E-12,78,0.06,,,,,1.66E-12,-1.66E-12,36.8,0.02,,,,,44.9,-2.15E-11,23.8,0.21,,,,
5.84E-12,-5.84E-12,78.3,0.06,,,,,1.57E-12,-1.57E-12,37.2,0.02,,,,,45.2,-2.13E-11,24.1,0.21,,,,
6.03E-12,-6.03E-12,78.7,0.06,,,,,1.52E-12,-1.52E-12,37.4,0.02,,,,,45.4,-2.12E-11,24.3,0.21,,,,
6.11E-12,-6.11E-12,78.8,0.06,,,,,1.47E-12,-1.47E-12,37.5,0.01,,,,,45.6,-2.10E-11,24.5,0.21,,,,
6.25E-12,-6.25E-12,79.3,0.06,,,,,1.39E-12,-1.39E-12,37.6,0.01,,,,,45.8,-2.08E-11,24.8,0.21,,,,
6.25E-12,-6.25E-12,79.3,0.06,,,,,1.37E-12,-1.37E-12,37.7,0.01,,,,,46.1,-2.05E-11,25.2,0.2,,,,
6.32E-12,-6.32E-12,79.6,0.06,,,,,1.34E-12,-1.34E-12,37.9,0.01,,,,,46.3,-2.03E-11,25.3,0.2,,,,
6.33E-12,-6.33E-12,79.7,0.06,,,,,1.29E-12,-1.29E-12,38.3,0.01,,,,,46.5,-2.01E-11,25.5,0.2,,,,
6.34E-12,-6.34E-12,79.7,0.06,,,,,1.26E-12,-1.26E-12,38.5,0.01,,,,,46.8,-2.00E-11,25.7,0.2,,,,
6.35E-12,-6.35E-12,79.8,0.06,,,,,1.20E-12,-1.20E-12,38.8,0.01,,,,,47,-1.99E-11,25.9,0.2,,,,
6.35E-12,-6.35E-12,79.8,0.06,,,,,1.16E-12,-1.16E-12,39.1,0.01,,,,,47.3,-1.98E-11,26.3,0.2,,,,
6.35E-12,-6.35E-12,80.1,0.06,,,,,1.15E-12,-1.15E-12,39.4,0.01,,,,,47.5,-1.98E-11,26.5,0.2,,,,
6.34E-12,-6.34E-12,80.2,0.06,,,,,1.15E-12,-1.15E-12,39.5,0.01,,,,,47.7,-1.98E-11,26.7,0.2,,,,
6.33E-12,-6.33E-12,80.4,0.06,,,,,1.15E-12,-1.15E-12,39.5,0.01,,,,,48,-2.00E-11,27.1,0.2,,,,
6.29E-12,-6.29E-12,80.4,0.06,,,,,1.16E-12,-1.16E-12,39.6,0.01,,,,,48.2,-2.03E-11,27.4,0.2,,,,
6.26E-12,-6.26E-12,80.5,0.06,,,,,1.16E-12,-1.16E-12,39.7,0.01,,,,,48.4,-2.07E-11,27.5,0.21,,,,
6.20E-12,-6.20E-12,80.8,0.06,,,,,1.18E-12,-1.18E-12,39.9,0.01,,,,,48.7,-2.12E-11,27.8,0.21,,,,
6.17E-12,-6.17E-12,80.9,0.06,,,,,1.20E-12,-1.20E-12,39.9,0.01,,,,,48.8,-2.14E-11,27.9,0.21,,,,
6.06E-12,-6.06E-12,81,0.06,,,,,1.23E-12,-1.23E-12,40,0.01,,,,,49.1,-2.23E-11,28.2,0.22,,,,
,,,,,,,,1.25E-12,-1.25E-12,40.1,0.01,,,,,49.3,-2.28E-11,28.3,0.23,,,,
,,,,,,,,1.26E-12,-1.26E-12,40.3,0.01,,,,,49.5,-2.32E-11,28.5,0.23,,,,
,,,,,,,,1.32E-12,-1.32E-12,40.7,0.01,,,,,49.8,-2.41E-11,28.7,0.24,,,,
,,,,,,,,1.37E-12,-1.37E-12,40.9,0.01,,,,,50,-2.48E-11,29,0.25,,,,
,,,,,,,,1.49E-12,-1.49E-12,41.2,0.01,,,,,50.2,-2.56E-11,29.2,0.26,,,,
,,,,,,,,1.56E-12,-1.56E-12,41.3,0.02,,,,,50.4,-2.64E-11,29.4,0.26,,,,
,,,,,,,,1.62E-12,-1.62E-12,41.4,0.02,,,,,50.6,-2.71E-11,29.6,0.27,,,,
,,,,,,,,1.73E-12,-1.73E-12,41.5,0.02,,,,,50.9,-2.85E-11,30,0.29,,,,
,,,,,,,,1.77E-12,-1.77E-12,41.6,0.02,,,,,51,-2.90E-11,30.1,0.29,,,,
,,,,,,,,1.86E-12,-1.86E-12,41.7,0.02,,,,,51.3,-3.04E-11,30.4,0.3,,,,
,,,,,,,,1.90E-12,-1.90E-12,41.8,0.02,,,,,51.5,-3.12E-11,30.5,0.31,,,,
,,,,,,,,1.96E-12,-1.96E-12,41.9,0.02,,,,,51.6,-3.16E-11,30.6,0.32,,,,
,,,,,,,,1.99E-12,-1.99E-12,42.1,0.02,,,,,51.8,-3.23E-11,30.7,0.32,,,,
,,,,,,,,2.03E-12,-2.03E-12,42.3,0.02,,,,,52.1,-3.33E-11,31,0.33,,,,
,,,,,,,,2.09E-12,-2.09E-12,42.5,0.02,,,,,52.3,-3.39E-11,31.1,0.34,,,,
,,,,,,,,2.21E-12,-2.21E-12,42.7,0.02,,,,,52.5,-3.45E-11,31.3,0.34,,,,
,,,,,,,,2.33E-12,-2.33E-12,42.8,0.02,,,,,52.7,-3.51E-11,31.6,0.35,,,,
,,,,,,,,2.38E-12,-2.38E-12,42.9,0.02,,,,,52.9,-3.58E-11,31.9,0.36,,,,
,,,,,,,,2.42E-12,-2.42E-12,43,0.02,,,,,53.2,-3.69E-11,32.2,0.37,,,,
,,,,,,,,2.50E-12,-2.50E-12,43.4,0.02,,,,,53.3,-3.71E-11,32.2,0.37,,,,
,,,,,,,,2.54E-12,-2.54E-12,43.4,0.03,,,,,53.5,-3.76E-11,32.3,0.38,,,,
,,,,,,,,2.59E-12,-2.59E-12,43.5,0.03,,,,,53.8,-3.80E-11,32.5,0.38,,,,
,,,,,,,,2.66E-12,-2.66E-12,43.8,0.03,,,,,53.9,-3.82E-11,32.6,0.38,,,,
,,,,,,,,2.69E-12,-2.69E-12,44,0.03,,,,,54.2,-3.86E-11,32.9,0.39,,,,
,,,,,,,,2.73E-12,-2.73E-12,44.2,0.03,,,,,54.4,-3.88E-11,33.2,0.39,,,,
,,,,,,,,2.79E-12,-2.79E-12,44.5,0.03,,,,,54.6,-3.90E-11,33.4,0.39,,,,
,,,,,,,,2.82E-12,-2.82E-12,44.7,0.03,,,,,54.8,-3.90E-11,33.7,0.39,,,,
,,,,,,,,2.83E-12,-2.83E-12,44.7,0.03,,,,,55.1,-3.89E-11,33.9,0.39,,,,
,,,,,,,,2.84E-12,-2.84E-12,44.8,0.03,,,,,55.3,-3.88E-11,34.2,0.39,,,,
,,,,,,,,2.86E-12,-2.86E-12,45.1,0.03,,,,,55.5,-3.86E-11,34.4,0.39,,,,
,,,,,,,,2.86E-12,-2.86E-12,45.2,0.03,,,,,55.7,-3.83E-11,34.5,0.38,,,,
,,,,,,,,2.85E-12,-2.85E-12,45.3,0.03,,,,,56,-3.78E-11,34.8,0.38,,,,
,,,,,,,,2.84E-12,-2.84E-12,45.4,0.03,,,,,56.2,-3.74E-11,35,0.37,,,,
,,,,,,,,2.84E-12,-2.84E-12,45.6,0.03,,,,,56.4,-3.70E-11,35.2,0.37,,,,
,,,,,,,,2.83E-12,-2.83E-12,45.7,0.03,,,,,56.7,-3.62E-11,35.4,0.36,,,,
,,,,,,,,2.80E-12,-2.80E-12,45.9,0.03,,,,,56.9,-3.56E-11,35.6,0.36,,,,
,,,,,,,,2.78E-12,-2.78E-12,45.9,0.03,,,,,57.1,-3.49E-11,35.8,0.35,,,,
,,,,,,,,2.74E-12,-2.74E-12,46.3,0.03,,,,,57.3,-3.42E-11,36,0.34,,,,
,,,,,,,,2.71E-12,-2.71E-12,46.6,0.03,,,,,57.5,-3.36E-11,36.1,0.34,,,,
,,,,,,,,2.66E-12,-2.66E-12,46.8,0.03,,,,,57.7,-3.30E-11,36.3,0.33,,,,
,,,,,,,,2.61E-12,-2.61E-12,47,0.03,,,,,58,-3.20E-11,36.6,0.32,,,,
,,,,,,,,2.47E-12,-2.47E-12,47.4,0.02,,,,,58.1,-3.17E-11,36.7,0.32,,,,
,,,,,,,,2.38E-12,-2.38E-12,47.5,0.02,,,,,58.3,-3.09E-11,36.9,0.31,,,,
,,,,,,,,2.30E-12,-2.30E-12,47.5,0.02,,,,,58.5,-3.01E-11,37.1,0.3,,,,
,,,,,,,,2.17E-12,-2.17E-12,47.7,0.02,,,,,58.7,-2.93E-11,37.4,0.29,,,,
,,,,,,,,2.13E-12,-2.13E-12,47.9,0.02,,,,,58.9,-2.87E-11,37.5,0.29,,,,
,,,,,,,,2.07E-12,-2.07E-12,48,0.02,,,,,59.1,-2.81E-11,37.8,0.28,,,,
,,,,,,,,1.95E-12,-1.95E-12,48.2,0.02,,,,,59.4,-2.75E-11,38.1,0.28,,,,
,,,,,,,,1.89E-12,-1.89E-12,48.2,0.02,,,,,59.6,-2.73E-11,38.2,0.27,,,,
,,,,,,,,1.79E-12,-1.79E-12,48.6,0.02,,,,,59.8,-2.74E-11,38.5,0.27,,,,
,,,,,,,,1.79E-12,-1.79E-12,48.6,0.02,,,,,60.1,-2.79E-11,38.7,0.28,,,,
,,,,,,,,1.65E-12,-1.65E-12,49,0.02,,,,,60.3,-2.84E-11,38.8,0.28,,,,
,,,,,,,,1.51E-12,-1.51E-12,49.1,0.02,,,,,60.6,-2.94E-11,39.2,0.29,,,,
,,,,,,,,1.46E-12,-1.46E-12,49.2,0.01,,,,,60.8,-3.06E-11,39.4,0.31,,,,
,,,,,,,,1.42E-12,-1.42E-12,49.4,0.01,,,,,61,-3.21E-11,39.7,0.32,,,,
,,,,,,,,1.37E-12,-1.37E-12,49.6,0.01,,,,,61.2,-3.39E-11,39.9,0.34,,,,
,,,,,,,,1.27E-12,-1.27E-12,49.7,0.01,,,,,61.6,-3.76E-11,40.4,0.38,,,,
,,,,,,,,1.23E-12,-1.23E-12,49.7,0.01,,,,,61.8,-4.06E-11,40.7,0.41,,,,
,,,,,,,,1.19E-12,-1.19E-12,49.8,0.01,,,,,62,-4.38E-11,40.8,0.44,,,,
,,,,,,,,1.15E-12,-1.15E-12,50,0.01,,,,,62.3,-4.74E-11,41.2,0.47,,,,
,,,,,,,,1.14E-12,-1.14E-12,50.2,0.01,,,,,62.5,-5.06E-11,41.4,0.51,,,,
,,,,,,,,1.09E-12,-1.09E-12,50.5,0.01,,,,,62.8,-5.54E-11,41.8,0.55,,,,
,,,,,,,,1.07E-12,-1.07E-12,50.6,0.01,,,,,62.9,-5.68E-11,41.8,0.57,,,,
,,,,,,,,1.07E-12,-1.07E-12,50.7,0.01,,,,,63.2,-6.03E-11,42,0.6,,,,
,,,,,,,,1.06E-12,-1.06E-12,50.8,0.01,,,,,63.4,-6.22E-11,42.2,0.62,,,,
,,,,,,,,1.06E-12,-1.06E-12,51,0.01,,,,,63.6,-6.43E-11,42.4,0.64,,,,
,,,,,,,,1.10E-12,-1.10E-12,51.5,0.01,,,,,63.8,-6.66E-11,42.6,0.67,,,,
,,,,,,,,1.20E-12,-1.20E-12,51.6,0.01,,,,,64.1,-6.98E-11,42.8,0.7,,,,
,,,,,,,,1.20E-12,-1.20E-12,51.6,0.01,,,,,64.3,-7.18E-11,43.1,0.72,,,,
,,,,,,,,1.24E-12,-1.24E-12,51.7,0.01,,,,,64.5,-7.38E-11,43.3,0.74,,,,
,,,,,,,,1.35E-12,-1.35E-12,52.2,0.01,,,,,64.7,-7.58E-11,43.5,0.76,,,,
,,,,,,,,1.54E-12,-1.54E-12,52.4,0.02,,,,,64.9,-7.76E-11,43.6,0.78,,,,
,,,,,,,,1.54E-12,-1.54E-12,52.4,0.02,,,,,65.2,-7.95E-11,43.7,0.8,,,,
,,,,,,,,1.63E-12,-1.63E-12,52.4,0.02,,,,,65.4,-8.07E-11,43.9,0.81,,,,
,,,,,,,,1.78E-12,-1.78E-12,52.7,0.02,,,,,65.6,-8.18E-11,44.1,0.82,,,,
,,,,,,,,1.85E-12,-1.85E-12,52.8,0.02,,,,,65.7,-8.23E-11,44.2,0.82,,,,
,,,,,,,,1.94E-12,-1.94E-12,52.9,0.02,,,,,65.9,-8.32E-11,44.4,0.83,,,,
,,,,,,,,2.11E-12,-2.11E-12,53.1,0.02,,,,,66,-8.36E-11,44.5,0.84,,,,
,,,,,,,,2.19E-12,-2.19E-12,53.1,0.02,,,,,66.2,-8.43E-11,44.6,0.84,,,,
,,,,,,,,2.34E-12,-2.34E-12,53.4,0.02,,,,,66.3,-8.47E-11,44.7,0.85,,,,
,,,,,,,,2.42E-12,-2.42E-12,53.7,0.02,,,,,66.5,-8.53E-11,44.9,0.85,,,,
,,,,,,,,2.53E-12,-2.53E-12,54,0.03,,,,,66.6,-8.55E-11,44.9,0.85,,,,
,,,,,,,,2.67E-12,-2.67E-12,54.2,0.03,,,,,66.8,-8.58E-11,45.1,0.86,,,,
,,,,,,,,2.95E-12,-2.95E-12,54.3,0.03,,,,,67,-8.61E-11,45.1,0.86,,,,
,,,,,,,,3.07E-12,-3.07E-12,54.5,0.03,,,,,67.4,-8.65E-11,45.5,0.87,,,,
,,,,,,,,3.26E-12,-3.26E-12,54.8,0.03,,,,,67.5,-8.65E-11,45.5,0.86,,,,
,,,,,,,,3.34E-12,-3.34E-12,55,0.03,,,,,67.9,-8.64E-11,45.8,0.86,,,,
,,,,,,,,3.52E-12,-3.52E-12,55.5,0.04,,,,,68,-8.63E-11,45.8,0.86,,,,
,,,,,,,,3.60E-12,-3.60E-12,55.6,0.04,,,,,68.1,-8.61E-11,45.9,0.86,,,,
,,,,,,,,3.73E-12,-3.73E-12,56.1,0.04,,,,,68.3,-8.57E-11,46,0.86,,,,
,,,,,,,,3.73E-12,-3.73E-12,56.1,0.04,,,,,68.5,-8.53E-11,46.2,0.85,,,,
,,,,,,,,3.81E-12,-3.81E-12,56.3,0.04,,,,,68.6,-8.49E-11,46.3,0.85,,,,
,,,,,,,,3.85E-12,-3.85E-12,56.6,0.04,,,,,68.9,-8.31E-11,46.5,0.83,,,,
,,,,,,,,3.86E-12,-3.86E-12,56.8,0.04,,,,,69.1,-8.19E-11,46.7,0.82,,,,
,,,,,,,,3.83E-12,-3.83E-12,57.1,0.04,,,,,69.2,-8.12E-11,46.8,0.81,,,,
,,,,,,,,3.81E-12,-3.81E-12,57.2,0.04,,,,,69.4,-7.98E-11,46.9,0.8,,,,
,,,,,,,,3.73E-12,-3.73E-12,57.6,0.04,,,,,69.6,-7.86E-11,47,0.79,,,,
,,,,,,,,3.69E-12,-3.69E-12,57.8,0.04,,,,,69.8,-7.79E-11,47.1,0.78,,,,
,,,,,,,,3.62E-12,-3.62E-12,58.1,0.04,,,,,70.1,-7.69E-11,47.3,0.77,,,,
,,,,,,,,3.46E-12,-3.46E-12,58.3,0.03,,,,,70.2,-7.63E-11,47.4,0.76,,,,
,,,,,,,,3.32E-12,-3.32E-12,58.5,0.03,,,,,70.4,-7.50E-11,47.5,0.75,,,,
,,,,,,,,3.25E-12,-3.25E-12,58.7,0.03,,,,,70.6,-7.32E-11,47.8,0.73,,,,
,,,,,,,,3.18E-12,-3.18E-12,58.9,0.03,,,,,70.9,-6.88E-11,48.2,0.69,,,,
,,,,,,,,3.09E-12,-3.09E-12,59,0.03,,,,,71.1,-6.56E-11,48.4,0.66,,,,
,,,,,,,,2.92E-12,-2.92E-12,59.2,0.03,,,,,71.3,-6.27E-11,48.6,0.63,,,,
,,,,,,,,2.84E-12,-2.84E-12,59.3,0.03,,,,,71.5,-6.00E-11,48.8,0.6,,,,
,,,,,,,,2.67E-12,-2.67E-12,59.8,0.03,,,,,71.8,-5.75E-11,49.1,0.58,,,,
,,,,,,,,2.56E-12,-2.56E-12,59.9,0.03,,,,,71.9,-5.68E-11,49.2,0.57,,,,
,,,,,,,,2.35E-12,-2.35E-12,60,0.02,,,,,72.2,-5.46E-11,49.5,0.55,,,,
,,,,,,,,2.17E-12,-2.17E-12,60.3,0.02,,,,,72.4,-5.40E-11,49.6,0.54,,,,
,,,,,,,,2.17E-12,-2.17E-12,60.3,0.02,,,,,72.5,-5.39E-11,49.6,0.54,,,,
,,,,,,,,2.09E-12,-2.09E-12,60.5,0.02,,,,,72.8,-5.43E-11,49.9,0.54,,,,
,,,,,,,,1.85E-12,-1.85E-12,60.7,0.02,,,,,73,-5.52E-11,50,0.55,,,,
,,,,,,,,1.78E-12,-1.78E-12,60.8,0.02,,,,,73.2,-5.64E-11,50.1,0.56,,,,
,,,,,,,,1.72E-12,-1.72E-12,61,0.02,,,,,73.4,-5.80E-11,50.3,0.58,,,,
,,,,,,,,1.58E-12,-1.58E-12,61.3,0.02,,,,,73.6,-5.99E-11,50.5,0.6,,,,
,,,,,,,,1.50E-12,-1.50E-12,61.4,0.01,,,,,73.7,-6.12E-11,50.6,0.61,,,,
,,,,,,,,1.50E-12,-1.50E-12,61.4,0.01,,,,,73.9,-6.48E-11,50.9,0.65,,,,
,,,,,,,,1.38E-12,-1.38E-12,61.6,0.01,,,,,74.1,-6.98E-11,51.1,0.7,,,,
,,,,,,,,1.30E-12,-1.30E-12,61.8,0.01,,,,,74.3,-7.56E-11,51.3,0.76,,,,
,,,,,,,,1.23E-12,-1.23E-12,62,0.01,,,,,74.5,-8.08E-11,51.4,0.81,,,,
,,,,,,,,1.21E-12,-1.21E-12,62,0.01,,,,,74.7,-8.51E-11,51.5,0.85,,,,
,,,,,,,,1.19E-12,-1.19E-12,62.2,0.01,,,,,74.9,-8.95E-11,51.6,0.89,,,,
,,,,,,,,1.18E-12,-1.18E-12,62.5,0.01,,,,,75,-9.17E-11,51.7,0.92,,,,
,,,,,,,,1.20E-12,-1.20E-12,62.7,0.01,,,,,75.2,-9.61E-11,51.9,0.96,,,,
,,,,,,,,1.23E-12,-1.23E-12,62.7,0.01,,,,,75.4,-1.01E-10,52,1.01,,,,
,,,,,,,,1.28E-12,-1.28E-12,62.9,0.01,,,,,75.6,-1.07E-10,52.2,1.07,,,,
,,,,,,,,1.28E-12,-1.28E-12,62.9,0.01,,,,,75.8,-1.13E-10,52.4,1.13,,,,
,,,,,,,,1.34E-12,-1.34E-12,63.2,0.01,,,,,76,-1.19E-10,52.6,1.19,,,,
,,,,,,,,1.40E-12,-1.40E-12,63.3,0.01,,,,,76.2,-1.26E-10,52.9,1.26,,,,
,,,,,,,,1.53E-12,-1.53E-12,63.5,0.02,,,,,76.4,-1.34E-10,53,1.34,,,,
,,,,,,,,1.61E-12,-1.61E-12,63.6,0.02,,,,,76.6,-1.40E-10,53.1,1.4,,,,
,,,,,,,,1.69E-12,-1.69E-12,63.6,0.02,,,,,76.8,-1.45E-10,53.2,1.45,,,,
,,,,,,,,1.76E-12,-1.76E-12,63.8,0.02,,,,,77,-1.49E-10,53.3,1.49,,,,
,,,,,,,,2.04E-12,-2.04E-12,64.1,0.02,,,,,77.2,-1.53E-10,53.5,1.52,,,,
,,,,,,,,2.27E-12,-2.27E-12,64.4,0.02,,,,,77.4,-1.57E-10,53.6,1.57,,,,
,,,,,,,,2.72E-12,-2.72E-12,64.8,0.03,,,,,77.6,-1.61E-10,53.8,1.61,,,,
,,,,,,,,3.01E-12,-3.01E-12,65,0.03,,,,,77.8,-1.67E-10,54.1,1.67,,,,
,,,,,,,,3.13E-12,-3.13E-12,65.2,0.03,,,,,78,-1.72E-10,54.2,1.72,,,,
,,,,,,,,3.41E-12,-3.41E-12,65.4,0.03,,,,,78.2,-1.77E-10,54.4,1.76,,,,
,,,,,,,,3.41E-12,-3.41E-12,65.4,0.03,,,,,78.4,-1.80E-10,54.5,1.8,,,,
,,,,,,,,3.81E-12,-3.81E-12,65.8,0.04,,,,,78.7,-1.84E-10,54.7,1.84,,,,
,,,,,,,,4.08E-12,-4.08E-12,66.1,0.04,,,,,78.9,-1.87E-10,54.8,1.86,,,,
,,,,,,,,4.35E-12,-4.35E-12,66.3,0.04,,,,,79.1,-1.89E-10,54.9,1.89,,,,
,,,,,,,,4.59E-12,-4.59E-12,66.8,0.05,,,,,79.3,-1.90E-10,55.1,1.9,,,,
,,,,,,,,4.82E-12,-4.82E-12,67,0.05,,,,,79.5,-1.92E-10,55.3,1.92,,,,
,,,,,,,,5.00E-12,-5.00E-12,67.3,0.05,,,,,79.7,-1.94E-10,55.5,1.94,,,,
,,,,,,,,5.13E-12,-5.13E-12,67.8,0.05,,,,,79.9,-1.95E-10,55.7,1.95,,,,
,,,,,,,,5.18E-12,-5.18E-12,68,0.05,,,,,80.1,-1.96E-10,55.8,1.95,,,,
,,,,,,,,5.22E-12,-5.22E-12,68.1,0.05,,,,,80.3,-1.96E-10,55.9,1.96,,,,
,,,,,,,,5.25E-12,-5.25E-12,68.4,0.05,,,,,80.5,-1.96E-10,56.1,1.96,,,,
,,,,,,,,5.25E-12,-5.25E-12,68.8,0.05,,,,,80.7,-1.96E-10,56.3,1.95,,,,
,,,,,,,,5.22E-12,-5.22E-12,68.9,0.05,,,,,80.9,-1.95E-10,56.3,1.95,,,,
,,,,,,,,5.16E-12,-5.16E-12,69.1,0.05,,,,,81.2,-1.94E-10,56.5,1.94,,,,
,,,,,,,,5.01E-12,-5.01E-12,69.5,0.05,,,,,81.3,-1.93E-10,56.6,1.93,,,,
,,,,,,,,4.94E-12,-4.94E-12,69.6,0.05,,,,,81.5,-1.92E-10,56.8,1.92,,,,
,,,,,,,,4.81E-12,-4.81E-12,69.7,0.05,,,,,81.7,-1.90E-10,56.9,1.9,,,,
,,,,,,,,4.77E-12,-4.77E-12,70,0.05,,,,,81.9,-1.88E-10,57,1.88,,,,
,,,,,,,,4.46E-12,-4.46E-12,70.3,0.04,,,,,82.2,-1.85E-10,57.2,1.85,,,,
,,,,,,,,4.30E-12,-4.30E-12,70.7,0.04,,,,,82.3,-1.84E-10,57.4,1.84,,,,
,,,,,,,,4.20E-12,-4.20E-12,70.8,0.04,,,,,82.5,-1.80E-10,57.5,1.8,,,,
,,,,,,,,3.99E-12,-3.99E-12,70.9,0.04,,,,,82.7,-1.77E-10,57.6,1.77,,,,
,,,,,,,,3.91E-12,-3.91E-12,71,0.04,,,,,82.9,-1.74E-10,57.6,1.74,,,,
,,,,,,,,3.74E-12,-3.74E-12,71.6,0.04,,,,,83.2,-1.72E-10,57.8,1.72,,,,
,,,,,,,,3.60E-12,-3.60E-12,71.8,0.04,,,,,83.3,-1.70E-10,57.9,1.7,,,,
,,,,,,,,3.26E-12,-3.26E-12,71.9,0.03,,,,,83.6,-1.66E-10,58,1.66,,,,
,,,,,,,,3.10E-12,-3.10E-12,72.1,0.03,,,,,83.8,-1.63E-10,58.1,1.63,,,,
,,,,,,,,2.86E-12,-2.86E-12,72.3,0.03,,,,,84,-1.60E-10,58.3,1.6,,,,
,,,,,,,,2.75E-12,-2.75E-12,72.4,0.03,,,,,84.2,-1.56E-10,58.4,1.56,,,,
,,,,,,,,2.55E-12,-2.55E-12,72.8,0.03,,,,,84.5,-1.51E-10,58.6,1.51,,,,
,,,,,,,,2.31E-12,-2.31E-12,73.1,0.02,,,,,84.7,-1.47E-10,58.7,1.47,,,,
,,,,,,,,2.08E-12,-2.08E-12,73.2,0.02,,,,,84.9,-1.42E-10,58.9,1.42,,,,
,,,,,,,,2.00E-12,-2.00E-12,73.3,0.02,,,,,85.2,-1.35E-10,59.1,1.35,,,,
,,,,,,,,1.87E-12,-1.87E-12,73.6,0.02,,,,,85.4,-1.30E-10,59.3,1.3,,,,
,,,,,,,,1.81E-12,-1.81E-12,73.6,0.02,,,,,85.6,-1.25E-10,59.4,1.25,,,,
,,,,,,,,1.73E-12,-1.73E-12,73.9,0.02,,,,,85.8,-1.20E-10,59.6,1.2,,,,
,,,,,,,,1.70E-12,-1.70E-12,74.1,0.02,,,,,86,-1.15E-10,59.7,1.15,,,,
,,,,,,,,1.68E-12,-1.68E-12,74.3,0.02,,,,,86.1,-1.12E-10,59.8,1.12,,,,
,,,,,,,,1.68E-12,-1.68E-12,74.4,0.02,,,,,86.4,-1.04E-10,60.2,1.04,,,,
,,,,,,,,1.71E-12,-1.71E-12,74.8,0.02,,,,,86.6,-9.78E-11,60.3,0.98,,,,
,,,,,,,,1.82E-12,-1.82E-12,74.9,0.02,,,,,86.8,-9.30E-11,60.5,0.93,,,,
,,,,,,,,1.87E-12,-1.87E-12,74.9,0.02,,,,,87,-8.94E-11,60.7,0.89,,,,
,,,,,,,,1.92E-12,-1.92E-12,75.1,0.02,,,,,87.2,-8.64E-11,60.8,0.86,,,,
,,,,,,,,2.08E-12,-2.08E-12,75.5,0.02,,,,,87.4,-8.41E-11,60.9,0.84,,,,
,,,,,,,,2.21E-12,-2.21E-12,75.6,0.02,,,,,87.6,-8.26E-11,61,0.83,,,,
,,,,,,,,2.51E-12,-2.51E-12,75.7,0.03,,,,,87.8,-8.16E-11,61.2,0.82,,,,
,,,,,,,,2.72E-12,-2.72E-12,75.8,0.03,,,,,88,-8.12E-11,61.4,0.81,,,,
,,,,,,,,2.81E-12,-2.81E-12,75.8,0.03,,,,,88.2,-8.17E-11,61.6,0.82,,,,
,,,,,,,,2.97E-12,-2.97E-12,76.1,0.03,,,,,88.5,-8.41E-11,61.8,0.84,,,,
,,,,,,,,3.08E-12,-3.08E-12,76.3,0.03,,,,,88.6,-8.51E-11,61.9,0.85,,,,
,,,,,,,,3.42E-12,-3.42E-12,76.6,0.03,,,,,88.9,-8.90E-11,62.2,0.89,,,,
,,,,,,,,3.64E-12,-3.64E-12,76.9,0.04,,,,,89.1,-9.34E-11,62.3,0.93,,,,
,,,,,,,,4.14E-12,-4.14E-12,77.1,0.04,,,,,89.3,-9.81E-11,62.4,0.98,,,,
,,,,,,,,4.38E-12,-4.38E-12,77.1,0.04,,,,,89.5,-1.03E-10,62.5,1.02,,,,
,,,,,,,,4.78E-12,-4.78E-12,77.4,0.05,,,,,89.7,-1.07E-10,62.6,1.07,,,,
,,,,,,,,4.95E-12,-4.95E-12,77.5,0.05,,,,,89.9,-1.12E-10,62.8,1.12,,,,
,,,,,,,,5.26E-12,-5.26E-12,77.7,0.05,,,,,90.1,-1.18E-10,63,1.18,,,,
,,,,,,,,5.41E-12,-5.41E-12,77.9,0.05,,,,,90.3,-1.25E-10,63.1,1.25,,,,
,,,,,,,,5.75E-12,-5.75E-12,78.2,0.06,,,,,90.5,-1.32E-10,63.2,1.32,,,,
,,,,,,,,5.93E-12,-5.93E-12,78.3,0.06,,,,,90.8,-1.42E-10,63.5,1.42,,,,
,,,,,,,,6.25E-12,-6.25E-12,78.5,0.06,,,,,91,-1.49E-10,63.7,1.49,,,,
,,,,,,,,6.37E-12,-6.37E-12,78.6,0.06,,,,,91.2,-1.56E-10,63.7,1.56,,,,
,,,,,,,,6.60E-12,-6.60E-12,78.7,0.07,,,,,91.4,-1.61E-10,63.8,1.61,,,,
,,,,,,,,6.77E-12,-6.77E-12,78.8,0.07,,,,,91.6,-1.66E-10,64,1.66,,,,
,,,,,,,,6.84E-12,-6.84E-12,78.9,0.07,,,,,91.8,-1.72E-10,64.1,1.72,,,,
,,,,,,,,6.99E-12,-6.99E-12,79.2,0.07,,,,,92,-1.78E-10,64.3,1.78,,,,
,,,,,,,,7.15E-12,-7.15E-12,79.4,0.07,,,,,92.3,-1.89E-10,64.5,1.89,,,,
,,,,,,,,7.21E-12,-7.21E-12,79.5,0.07,,,,,92.5,-1.97E-10,64.7,1.96,,,,
,,,,,,,,7.32E-12,-7.32E-12,79.8,0.07,,,,,92.7,-2.04E-10,64.9,2.04,,,,
,,,,,,,,7.37E-12,-7.37E-12,79.9,0.07,,,,,92.9,-2.10E-10,65,2.1,,,,
,,,,,,,,7.44E-12,-7.44E-12,80,0.07,,,,,93.1,-2.15E-10,65.1,2.15,,,,
,,,,,,,,7.48E-12,-7.48E-12,80.3,0.07,,,,,93.3,-2.21E-10,65.3,2.21,,,,
,,,,,,,,7.49E-12,-7.49E-12,80.4,0.07,,,,,93.5,-2.26E-10,65.4,2.26,,,,
,,,,,,,,7.50E-12,-7.50E-12,80.4,0.08,,,,,93.7,-2.30E-10,65.5,2.3,,,,
,,,,,,,,7.50E-12,-7.50E-12,80.4,0.08,,,,,93.9,-2.34E-10,65.7,2.34,,,,
,,,,,,,,7.51E-12,-7.51E-12,80.4,0.08,,,,,94.1,-2.39E-10,65.9,2.39,,,,
,,,,,,,,7.53E-12,-7.53E-12,80.4,0.08,,,,,94.3,-2.44E-10,66.1,2.44,,,,
,,,,,,,,7.57E-12,-7.57E-12,80.4,0.08,,,,,94.6,-2.50E-10,66.4,2.5,,,,
,,,,,,,,7.58E-12,-7.58E-12,80.4,0.08,,,,,94.8,-2.53E-10,66.5,2.53,,,,
,,,,,,,,7.62E-12,-7.62E-12,79.8,0.08,,,,,95,-2.56E-10,66.7,2.56,,,,
,,,,,,,,7.66E-12,-7.66E-12,78.7,0.08,,,,,95.2,-2.58E-10,66.8,2.58,,,,
,,,,,,,,,,,,,,,,95.4,-2.60E-10,67.1,2.6,,,,
,,,,,,,,,,,,,,,,95.6,-2.61E-10,67.2,2.61,,,,
,,,,,,,,,,,,,,,,95.8,-2.61E-10,67.2,2.61,,,,
,,,,,,,,,,,,,,,,96,-2.62E-10,67.3,2.62,,,,
,,,,,,,,,,,,,,,,96.2,-2.61E-10,67.4,2.61,,,,
,,,,,,,,,,,,,,,,96.4,-2.61E-10,67.6,2.61,,,,
,,,,,,,,,,,,,,,,96.6,-2.60E-10,67.8,2.6,,,,
,,,,,,,,,,,,,,,,96.9,-2.58E-10,68,2.58,,,,
,,,,,,,,,,,,,,,,97.1,-2.56E-10,68.2,2.56,,,,
,,,,,,,,,,,,,,,,97.3,-2.54E-10,68.3,2.54,,,,
,,,,,,,,,,,,,,,,97.5,-2.51E-10,68.5,2.51,,,,
,,,,,,,,,,,,,,,,97.8,-2.46E-10,68.8,2.46,,,,
,,,,,,,,,,,,,,,,98,-2.42E-10,68.9,2.42,,,,
,,,,,,,,,,,,,,,,98.2,-2.39E-10,68.9,2.39,,,,
,,,,,,,,,,,,,,,,98.5,-2.36E-10,68.9,2.36,,,,
,,,,,,,,,,,,,,,,98.6,-2.35E-10,69,2.35,,,,
,,,,,,,,,,,,,,,,98.8,-2.33E-10,69.3,2.33,,,,
,,,,,,,,,,,,,,,,99.1,-2.25E-10,69.5,2.25,,,,
,,,,,,,,,,,,,,,,99.3,-2.19E-10,69.7,2.19,,,,
,,,,,,,,,,,,,,,,99.5,-2.15E-10,69.8,2.15,,,,
,,,,,,,,,,,,,,,,99.6,-2.12E-10,69.9,2.12,,,,
,,,,,,,,,,,,,,,,99.9,-2.04E-10,70.1,2.04,,,,
,,,,,,,,,,,,,,,,100.1,-1.97E-10,70.3,1.97,,,,
,,,,,,,,,,,,,,,,100.3,-1.90E-10,70.5,1.9,,,,
,,,,,,,,,,,,,,,,100.6,-1.79E-10,70.7,1.78,,,,
,,,,,,,,,,,,,,,,100.7,-1.76E-10,70.7,1.76,,,,
,,,,,,,,,,,,,,,,100.9,-1.71E-10,70.8,1.71,,,,
,,,,,,,,,,,,,,,,101.1,-1.66E-10,71,1.66,,,,
,,,,,,,,,,,,,,,,101.4,-1.58E-10,71.2,1.58,,,,
,,,,,,,,,,,,,,,,101.6,-1.53E-10,71.3,1.53,,,,
,,,,,,,,,,,,,,,,101.8,-1.47E-10,71.4,1.47,,,,
,,,,,,,,,,,,,,,,102,-1.41E-10,71.7,1.41,,,,
,,,,,,,,,,,,,,,,102.3,-1.30E-10,71.9,1.3,,,,
,,,,,,,,,,,,,,,,102.4,-1.27E-10,72,1.27,,,,
,,,,,,,,,,,,,,,,102.7,-1.19E-10,72.2,1.19,,,,
,,,,,,,,,,,,,,,,102.9,-1.16E-10,72.2,1.16,,,,
,,,,,,,,,,,,,,,,103.1,-1.13E-10,72.4,1.13,,,,
,,,,,,,,,,,,,,,,103.3,-1.10E-10,72.5,1.1,,,,
,,,,,,,,,,,,,,,,103.5,-1.08E-10,72.7,1.08,,,,
,,,,,,,,,,,,,,,,103.7,-1.06E-10,72.9,1.06,,,,
,,,,,,,,,,,,,,,,103.9,-1.05E-10,73.1,1.05,,,,
,,,,,,,,,,,,,,,,104.1,-1.04E-10,73.3,1.04,,,,
,,,,,,,,,,,,,,,,104.2,-1.05E-10,73.4,1.05,,,,
,,,,,,,,,,,,,,,,104.5,-1.07E-10,73.7,1.07,,,,
,,,,,,,,,,,,,,,,104.7,-1.11E-10,73.8,1.11,,,,
,,,,,,,,,,,,,,,,104.9,-1.14E-10,73.9,1.14,,,,
,,,,,,,,,,,,,,,,105.1,-1.17E-10,73.9,1.17,,,,
,,,,,,,,,,,,,,,,105.3,-1.20E-10,74,1.19,,,,
,,,,,,,,,,,,,,,,105.5,-1.23E-10,74.2,1.23,,,,
,,,,,,,,,,,,,,,,105.6,-1.26E-10,74.4,1.26,,,,
,,,,,,,,,,,,,,,,105.7,-1.29E-10,74.4,1.29,,,,
,,,,,,,,,,,,,,,,105.9,-1.36E-10,74.6,1.36,,,,
,,,,,,,,,,,,,,,,106.1,-1.44E-10,74.8,1.44,,,,
,,,,,,,,,,,,,,,,106.2,-1.49E-10,75,1.49,,,,
,,,,,,,,,,,,,,,,106.4,-1.58E-10,75.1,1.58,,,,
,,,,,,,,,,,,,,,,106.6,-1.67E-10,75.4,1.67,,,,
,,,,,,,,,,,,,,,,106.8,-1.79E-10,75.7,1.79,,,,
,,,,,,,,,,,,,,,,106.9,-1.86E-10,75.8,1.86,,,,
,,,,,,,,,,,,,,,,107.1,-1.99E-10,76,1.99,,,,
,,,,,,,,,,,,,,,,107.2,-2.04E-10,76,2.04,,,,
,,,,,,,,,,,,,,,,107.4,-2.14E-10,76.1,2.14,,,,
,,,,,,,,,,,,,,,,107.6,-2.21E-10,76.3,2.21,,,,
,,,,,,,,,,,,,,,,107.7,-2.24E-10,76.3,2.24,,,,
,,,,,,,,,,,,,,,,107.9,-2.31E-10,76.5,2.31,,,,
,,,,,,,,,,,,,,,,108.1,-2.38E-10,76.8,2.38,,,,
,,,,,,,,,,,,,,,,108.2,-2.43E-10,76.9,2.43,,,,
,,,,,,,,,,,,,,,,108.4,-2.53E-10,77.1,2.53,,,,
,,,,,,,,,,,,,,,,108.6,-2.61E-10,77.2,2.61,,,,
,,,,,,,,,,,,,,,,108.7,-2.64E-10,77.2,2.64,,,,
,,,,,,,,,,,,,,,,108.9,-2.70E-10,77.5,2.7,,,,
,,,,,,,,,,,,,,,,109.1,-2.76E-10,77.7,2.76,,,,
,,,,,,,,,,,,,,,,109.3,-2.83E-10,77.9,2.83,,,,
,,,,,,,,,,,,,,,,109.5,-2.88E-10,78,2.88,,,,
,,,,,,,,,,,,,,,,109.7,-2.92E-10,78.1,2.92,,,,
,,,,,,,,,,,,,,,,109.9,-2.95E-10,78.2,2.95,,,,
,,,,,,,,,,,,,,,,110,-2.96E-10,78.4,2.96,,,,
,,,,,,,,,,,,,,,,110.2,-2.99E-10,78.6,2.99,,,,
,,,,,,,,,,,,,,,,110.4,-3.03E-10,78.9,3.03,,,,
,,,,,,,,,,,,,,,,110.6,-3.05E-10,79.1,3.05,,,,
,,,,,,,,,,,,,,,,110.8,-3.07E-10,79.3,3.07,,,,
,,,,,,,,,,,,,,,,111,-3.08E-10,79.5,3.08,,,,
,,,,,,,,,,,,,,,,111.2,-3.07E-10,79.7,3.07,,,,
,,,,,,,,,,,,,,,,111.4,-3.06E-10,79.8,3.06,,,,
,,,,,,,,,,,,,,,,111.6,-3.05E-10,79.9,3.05,,,,
,,,,,,,,,,,,,,,,111.7,-3.05E-10,79.9,3.05,,,,
,,,,,,,,,,,,,,,,111.9,-3.04E-10,80.1,3.03,,,,
,,,,,,,,,,,,,,,,112.1,-3.01E-10,80.2,3.01,,,,
,,,,,,,,,,,,,,,,112.2,-3.00E-10,80.3,3,,,,
,,,,,,,,,,,,,,,,112.4,-2.98E-10,80.3,2.98,,,,
,,,,,,,,,,,,,,,,112.6,-2.96E-10,80.4,2.96,,,,
,,,,,,,,,,,,,,,,112.7,-2.95E-10,80.5,2.95,,,,
,,,,,,,,,,,,,,,,112.9,-2.93E-10,80.5,2.93,,,,
,,,,,,,,,,,,,,,,113.1,-2.92E-10,80.5,2.92,,,,
,,,,,,,,,,,,,,,,113.3,-2.91E-10,80.5,2.91,,,,
,,,,,,,,,,,,,,,,113.5,-2.91E-10,80.5,2.91,,,,
,,,,,,,,,,,,,,,,113.6,-2.91E-10,80.5,2.91,,,,
